lat,lng,count
38,-122,2
5,-74,1
52,5,17
49,6,3
27,-82,114
-34,-59,8
35,34,2
49,2,2
-35,139,1
48,9,3
40,0,6
6,-76,4
45,-77,1
48,8,11
45,7,1
52,14,6
56,62,7
51,6,1
44,-80,1
37,10,3
43,-1,1
10,-84,2
51,14,3
34,-118,1
59,10,120
39,-4,7
59,18,2
25,50,2
52,0,3
42,0,7
55,-7,2
39,-77,1560
47,7,14
18,79,22
44,-90,1
54,-2,109
51,-1,1
51,8,5
1,104,3
33,75,3
-35,-61,65
51,8,9
53,7,1
60,11,60
49,10,2
51,0,24
32,35,4
51,21,3
51,3,1
37,-122,6838
49,2,2
49,19,3
41,-74,6
47,8,1
44,7,12
-24,-46,47
46,6,3
45,-65,3
42,-71,609
30,122,71
54,-2,5
48,11,1
52,6,2
22,87,1
49,9,16
36,30,1
39,-77,1
51,0,7
53,-9,10
44,-80,1
59,18,3
39,-77,1796
39,-122,3
40,-105,14
47,16,8
52,21,1
52,4,3
51,7,2
1,104,47
47,15,1
26,-80,36
11,-75,244
48,14,1
23,88,1
36,3,43
47,14,110
-7,-35,53
49,8,1
51,-4,1
21,-158,8
40,29,48
50,14,4
54,0,16
51,4,2
52,20,8
-12,-77,8
48,11,8
15,121,15
38,-1,1
33,-117,4
22,114,15
49,9,1
0,36,1
39,-9,2
47,9,1
45,29,4
39,16,82
-35,-59,1
43,28,1
40,-112,3
39,-9,7
29,31,41
-16,-55,1
37,10,8
41,-73,21
45,18,3
46,5,11
52,0,18
41,-112,40
35,9,1
41,-74,59
48,9,1
-23,-47,5
9,7,7
56,40,1
52,-1,7
49,21,1
63,7,2
49,11,904
41,-6,2
13,79,2
15,121,3
43,6,2
49,6,4
7,80,2
19,73,5
48,8,1
4,101,1
55,-2,1
29,77,188
5,-74,13
49,12,7
52,4,16
56,13,2
40,-74,18
20,-99,8
52,-2,1
50,11,16
33,7,1
53,13,15
50,19,1
50,8,1
41,-74,5
48,16,1
13,-88,1
20,-99,9
38,24,1
19,74,1
43,6,3
48,7,6
49,0,1
45,12,10
43,-78,9
25,67,62
23,114,2
44,10,5
27,-110,23
14,101,1
21,106,8
47,-2,1
41,-74,90
59,18,1
51,10,9
25,-107,1
56,9,12
41,-96,7
45,-74,4
49,-1,6
52,5,1
51,6,3
54,20,5
55,9,16
47,8,6
19,-98,2
35,-81,1
11,107,381
51,7,7
46,13,2
50,13,1
41,-77,1
52,-2,3
51,13,6
41,-2,1
6,-76,10
-24,-47,132
48,12,26
26,-80,1
46,3,4
51,7,42
42,-2,3
-41,175,35
40,-4,2
49,9,702
35,33,7
47,7,9021
52,6,1
49,2,6
40,-78,3
48,12,1210
17,74,18
54,-7,38
-20,57,1
36,-84,2
8,-67,12
60,11,13
56,9,14
44,1,1
48,0,16
26,-80,2
33,-87,1
-34,151,756
49,-4,1
21,79,10
51,13,1
43,-3,5
45,12,22
51,3,3
25,83,2
52,17,7
49,17,2
46,0,2
-24,-52,7
19,75,2
8,98,12
45,-93,44
49,3,4
48,9,1
34,-118,1
52,0,3
48,9,6
49,2,9
-22,-47,1
47,8,5
54,-7,2
57,53,40
36,11,2
42,24,4
-24,-45,1
53,7,14
48,16,1
46,9,1
37,31,10
47,8,20
47,8,1
35,33,183
52,16,1
37,-93,11
51,6,1
51,4,42
-20,-44,7
36,-84,1
45,10,2
49,2,13
42,-2,13
40,-75,2
1,104,28
38,-122,1
38,24,1
40,20,1
39,-2,10
48,14,11
40,-86,63
-1,-48,18
29,78,25
38,-122,10
49,2,51
49,10,1
48,10,1
34,-85,25
48,-122,7
54,-6,6
20,-99,13
39,-9,83
39,-3,1
53,-6,1
-7,109,1
43,6,1
51,0,1
28,-80,1
-3,-79,11
41,-74,11
35,138,1
50,6,5
28,113,44
43,-80,30
46,10,18
39,-84,11
42,-8,88
43,-85,96
48,-122,1
43,-71,4
49,4,1
48,8,1
19,73,35
49,28,7
49,2,3
50,3,1
51,4,2
39,-99,26
50,25,10
-23,-47,1
38,24,11
-34,151,1
51,4,1
17,-97,27
51,25,26
45,20,2
-35,-59,53
51,-1,4
-35,-59,2
48,10,3
48,11,10
38,127,2219
24,87,16
48,8,2
-17,-66,4
50,2,1
21,-101,6
49,2,19
60,20,1
41,-75,7
46,6,10
30,-90,37
58,13,2
-27,-49,9
-8,-35,23
13,78,11
-29,-52,1
51,-1,22
65,25,230
44,13,6
50,11,1
44,-79,2
51,5,5
-23,-52,22
49,2,4
-27,-56,18
50,36,2
32,35,1
50,17,10
46,-74,1
42,-88,1
-25,-49,2358
50,20,1
48,12,1
51,6,2
30,-98,11
43,6,2
33,35,2
48,8,6
45,-93,1
26,50,1
34,-119,2
52,11,59
32,117,290
47,-122,51
42,-88,61
41,-8,1
53,10,1
52,8,3
51,10,2
-35,-59,3
53,13,1
56,10,37
-21,-47,1
48,13,27
43,-75,5
-23,-50,1
22,77,1
43,-74,54
60,30,35
52,7,1
49,17,37
36,-79,27
40,-75,22
48,11,5
52,8,24
37,-77,1
40,-85,5
5,-74,5
51,5,18
53,-9,7
30,76,1
41,16,5
33,-80,21
39,-77,151
40,15,4
48,10,3
43,-3,22
34,-6,1
37,10,4
6,0,29
56,13,102
-23,-47,204
56,11,33
41,-81,1
50,14,11
42,123,6
45,6,2
39,-95,4
46,11,135
33,-83,8
41,-76,1
46,5,134
45,-1,2
37,10,2
22,114,31
36,-79,814
60,25,6
38,12,17
1,104,6
48,8,2
-21,-47,27
51,4,2
51,9,8
39,-105,1
47,8,1
19,-69,1
49,16,1
35,33,49
46,10,15
44,8,9
43,-88,1
48,20,5
42,-71,4
16,81,2
52,104,2
-24,-46,11
47,8,3
15,-24,3
-46,171,1
20,74,44
52,7,2
36,-94,3
36,140,1
47,1,3
52,0,5
22,114,6
34,135,1
45,5,1
53,-6,1
47,18,44
-9,13,1
48,16,948
39,-76,23
39,-121,1
47,7,11
43,26,8
11,79,26
51,8,5
49,0,8
52,5,1
49,7,6
46,16,1
47,8,19
49,2,15
10,105,1
54,12,1
32,35,6
39,-90,2
-22,-46,2
6,-76,26
41,2,1
51,7,94
52,4,163
42,-71,1
39,-77,14
50,9,6
15,121,1
37,11,1
38,16,8
40,-85,4
13,-60,1
14,121,3
46,9,8
33,-96,4
38,127,92
37,10,3
60,25,2
49,19,3
40,-4,9
44,1,9
38,24,109
-13,-39,5
52,4,14
45,-93,57
35,137,35
-35,-59,1
29,48,1
35,-90,162
58,56,67
49,20,20
34,-118,21
33,-97,6
54,18,28
46,13,2
46,7,5
-35,-59,3
13,80,1
60,25,3
49,8,6
38,22,9
46,-123,214
49,1,17
34,-118,11
10,-83,1
45,-80,8
52,-1,1
27,50,6
47,-87,28
51,4,1
53,13,1
49,2,2
34,-118,10
34,-85,6
51,-2,1
36,140,3
41,-73,17
48,17,1
47,19,1
41,112,1
52,17,1
22,-102,6
40,-4,3
42,-72,2
-35,-61,110
47,12,1
-13,-76,4
41,31,1
44,4,1
42,-9,1
42,26,1
36,51,40
50,4,4
50,15,49
53,9,11
48,14,2
40,-3,1
13,80,39
35,128,3
46,-74,2
24,94,1
60,30,3
52,1,1
12,78,8
51,9,1
38,24,8
-3,-42,7
5,-4,1
41,-76,42
40,-120,1
41,-74,9
52,5,6
50,8,3
41,-9,2
53,-2,2
36,140,20
10,-84,1
5,-74,3
52,6,2
48,10,3
15,-17,7
36,139,1
45,37,1
44,1,4
40,-105,140
54,12,3
52,6,33
-35,-58,27
47,8,2
56,37,10
50,7,1
40,-8,1
51,4,3
52,36,5
39,28,3
23,88,3
34,-118,2
41,-74,894
41,-112,1
45,18,1
52,17,1
51,15,1
33,-97,47
49,10,7
41,-74,29
39,69,1
41,15,2
53,-6,126
50,14,1
23,113,420
-37,-57,2
47,16,6
47,-122,4
29,48,35
42,-75,1
39,-94,10
13,79,6
37,-8,1
53,-2,1
48,2,6
50,11,1
45,8,1
52,6,9
1,104,8
29,48,15
37,-122,19
49,-124,2
27,-82,1
-7,110,35
48,17,368
3,-75,3
-26,-58,1
45,-123,36
51,0,14
-34,-59,1
48,17,1
47,8,2
49,2,2
43,-9,13
19,73,6
39,21,3
41,16,2
52,5,1
40,-86,4
45,11,15
62,8,3
36,139,8
36,50,7
52,10,4
42,-81,10
36,11,41
50,7,3
46,11,2
47,9,45
60,25,42
38,-122,23
-7,-80,1
54,11,6
30,31,1
-37,-73,3
49,2,3
37,11,2
23,73,7
37,-122,108
10,76,1
52,13,1
47,5,1
37,-79,6
40,-76,4
32,35,4
49,14,2
48,9,15
-8,110,1
33,-112,15
49,2,4
40,-4,1
17,82,5
48,11,10
56,12,10
44,15,1
-7,-40,4
45,-94,24
14,-89,1
50,11,9
37,-114,33
37,-79,1
53,8,3
26,119,9
30,-90,3
39,-121,15
31,121,1388
-35,139,10
49,9,12
41,-74,6
52,9,14
48,8,1
24,75,69
-24,-47,2
46,10,1
50,9,6
50,9,38
39,17,26
-8,-35,1
-22,-48,6
50,22,43
49,8,13
47,8,4
-20,-44,1
57,24,1
49,2,19
46,7,184
45,20,65
52,21,59
18,74,5
-4,-39,3
-35,139,4
40,-8,15
52,5,1
9,-80,1
35,-83,11
48,11,55
46,14,1
23,80,4
50,31,22
39,-74,4
40,-4,9
-7,-80,2
49,2,1
51,13,1
39,-121,64
-23,-50,6
39,-9,18
-33,-64,10
53,9,3
40,-112,17
52,7,4
43,-2,4
54,10,32
47,14,1
60,10,50
24,90,4
-16,-48,676
14,121,4
47,10,1
41,-4,6
32,-8,19
41,-81,4
53,-6,1
14,-87,1
45,10,1
34,-118,1176
38,-121,1
38,-122,336
49,8,1
48,7,5
39,-77,1
59,11,192
42,-71,5
41,20,24
48,18,9
54,16,1
55,-6,4
38,106,4
39,-78,2165
41,115,1
17,82,1
45,-93,1
51,5,1
-16,-56,156
47,16,8
53,-1,54
20,-99,1
53,7,1
49,6,7
49,2,29
59,18,36
52,10,1
48,19,2
48,-123,10
45,-93,11
38,-1,5
38,-1,6
50,9,1
29,77,13
40,-89,59
41,21,26
52,0,1
34,-118,1
52,8,11
18,77,1
43,-3,51
-17,-49,14
42,-88,18
-32,-56,1
38,-84,1
51,-1,49
60,5,83
37,3,13
10,-68,61
28,-17,6
43,-86,3
-8,-36,6
43,-2,1
41,-8,2
49,2,1
52,5,81
42,23,9
49,15,1
49,2,5
45,6,2
43,-9,6
41,-85,3
32,35,3
38,127,1
59,18,16
41,29,1026
-23,-42,4
49,2,17
38,24,1041
51,10,21
56,38,850
1,104,134
21,106,1
48,14,4
49,2,32
41,-78,8
43,3,2
48,14,4
49,3,1
48,13,56
57,17,1
39,-9,16
45,6,1
53,7,23
-9,13,17
-27,-49,465
51,20,1
-26,33,9
41,-74,1
49,2,23
52,12,3
36,140,5
40,45,1
-5,-43,5
53,6,42
56,12,67
51,5,1
3,102,10
41,-9,8
-28,-54,1
46,10,10
46,-76,2
25,89,3
48,-5,1
46,5,1
51,17,1
52,9,2
36,-87,58
56,12,9
50,19,7
-27,-49,4
44,-92,121
26,-80,1
36,-79,3
52,1,8
40,-86,2
1,104,7
0,35,1
52,9,8
-24,-47,2066
50,8,4
25,74,2
47,8,2
51,10,21
41,14,11
60,22,65
31,114,510
45,11,17
49,10,1
3,102,3
49,2,1
36,139,1
48,-123,5
9,-80,80
45,21,1
36,120,31
50,19,2
51,6,2
7,3,1
49,14,3
55,83,11
40,-4,4
-6,-35,3
38,24,2
41,-75,5
24,121,20
-23,-52,55
58,18,1
32,35,3
44,11,1
43,-8,3
43,-78,4
47,27,1
41,16,1
52,7,18
29,76,1
-3,-60,3
54,10,9
48,7,1
22,92,10
48,18,1
49,18,42
46,12,3
41,-77,14
-38,-58,1
48,17,5
37,10,77
33,-97,1
41,23,340
41,-96,12
45,19,6
34,-118,2
51,7,314
50,7,1
34,8,1
52,0,1
51,20,1
44,9,9
41,-9,42
47,-2,5
52,-1,7
37,15,7
50,14,1
36,11,4
44,-7,2
49,6,1
52,15,31
-23,-50,3
19,-70,7
-33,-61,79
29,-81,6
26,-82,7
11,106,2
56,38,1
51,4,3
43,-8,1
45,12,2
46,-74,1
49,3,3
51,6,103
46,10,2
41,-122,3
41,-74,7
49,3,7
48,20,11
34,8,2
39,-121,132
36,-79,10
59,25,3
40,-9,3
34,-84,3
28,-81,1
21,-87,2
19,74,2
49,2,1
23,89,1
38,27,7
1,104,4
28,-16,1
41,-74,2
42,-84,145
40,-86,1
41,17,1
52,5,4
-28,-49,7
51,9,4
41,15,2
38,-122,3
48,17,3
52,31,1
52,7,1
35,-121,8
36,-5,1
38,-122,1
43,-71,2
42,2,4
17,81,42
44,-80,845
47,16,1
-6,-35,5
52,5,78
40,-77,1
-6,107,2
-35,-59,31
7,126,3
50,9,4
49,6,1
-26,28,247
35,8,1
45,20,2
33,-97,37
46,-67,1
57,12,1
50,3,2
45,-93,4
41,-74,4
-30,-51,5
-3,-44,2
43,-72,7
41,-9,4
55,-7,3
37,10,133
43,6,10
41,-81,1
47,1,3
-2,30,1
47,16,3
14,121,14
49,13,1
-4,-39,2
37,11,2
25,94,28
40,-4,17
42,-8,29
49,12,1
42,2,2
42,-86,1
41,-82,2
49,22,1
55,-7,33
49,11,4
52,7,24
46,6,55
11,79,18
48,-1,3
46,-120,1060
37,-2,3
47,12,3
42,-71,2
51,-1,1
5,-4,47
-29,-52,33
51,6,6
-34,-71,1
33,-97,1
60,17,23
56,38,1
35,-98,2
37,127,117
3,102,11
38,-122,1
50,14,3
38,24,2
46,12,1
47,28,1
53,-1,10
-22,-51,10
48,16,34
38,-122,3
-23,-47,3
45,12,7
10,76,1
12,105,5
55,86,2
32,75,40
50,-119,2
51,2,2
53,-2,15
-23,-50,37
53,6,29
26,-80,6
50,19,3
49,12,6
43,18,1
47,-122,13
21,-103,54
62,17,8
48,15,18
9,78,3
49,7,13
45,12,61
21,106,350
52,10,2
47,0,7
37,-3,1
40,-4,763
58,12,15
-34,-71,2
31,31,4
49,2,11
51,4,11
3,102,1
13,78,8
51,-1,1
34,-84,6
31,31,19
48,15,2
48,18,1
13,76,10
42,46,5
46,5,1
42,-71,7
43,-71,15
44,18,5
50,9,1
39,-9,25
34,-84,77
50,19,6
36,51,9
40,-75,46
47,29,65
52,5,4
34,137,2
37,-122,11
47,0,1
-18,31,5
37,23,2
37,10,6
49,2,20
52,4,1
3,102,28
32,-97,1
36,11,3
43,-71,1
48,18,10
34,11,3
45,4,1
49,9,3
21,106,8
35,-82,19
39,-78,84
-22,-50,1
47,9,217
10,76,2
33,35,11
52,-1,3
-28,-49,95
0,33,3
23,88,1
54,-2,1
54,0,16
39,-121,3
50,18,1
46,9,31
57,13,1
32,35,1
57,61,19
-34,19,3
40,-8,9
10,78,41
44,1,2
56,13,1
41,19,68
51,6,1
49,2,1
43,-74,103
-35,-59,12
51,10,4
31,35,1
39,-78,1
46,12,1
46,10,2
3,102,131
14,-89,159
40,-75,1
-40,176,3
33,-117,73
8,77,1
55,19,38
47,7,126
41,18,1
51,6,19
50,20,20
59,6,24
53,7,372
49,2,171
32,35,1
51,4,2
33,-112,1
49,2,4
46,5,4
20,-101,1
-35,-59,2
13,101,1
49,6,3
42,-74,2
55,9,8
50,9,4
50,8,63
49,-123,19
52,14,1
45,-64,1
42,3,25
37,127,25
52,13,1
26,85,59
22,88,4
33,-97,1
50,9,3
49,2,2
19,-98,1
34,-119,1
48,7,12
36,-79,54
41,21,14
49,17,6
33,35,3
34,-84,4
45,-93,2
6,3,2
41,-74,1
49,-122,3
42,-72,8
50,6,1
28,-81,8
37,-78,10013
52,17,4
47,11,10
19,-100,102
48,16,19
18,79,1
48,-123,6
50,10,23
53,-1,2
-7,110,3
-30,-51,4
52,6,35
42,-71,1
43,6,5
54,81,1
53,8,36
-35,-58,880
18,-63,2
37,127,702
46,11,3
2,10,5
55,12,2
13,101,264
46,-89,14
34,-87,1
30,107,5
23,89,3
48,8,13
37,10,12
23,77,31
61,12,5
49,2,6
11,77,10
40,-86,2
21,105,1
49,19,2
52,0,5
3,-77,1
-35,-58,5
36,10,1
-28,-53,1
18,78,3
-27,-49,100
50,12,1
36,140,1
49,2,46
32,35,4
49,19,71
37,10,1
13,100,9
1,104,8208
9,39,17
49,7,3
-35,-59,2
38,-121,1
50,29,1
48,18,15
45,15,1
46,44,1
40,-83,26529
46,31,17
41,15,4
35,139,2
39,-77,2
37,127,44
28,-15,6
36,11,5
24,90,1
48,2,1
36,-79,35
52,5,1
51,8,2
-23,-43,1
50,5,1
35,136,1
48,11,62
48,16,3
51,18,41
55,61,2
39,16,2
41,-74,33
33,-97,4
37,-9,1
34,132,10
40,116,1656
43,-8,1
47,11,2
38,24,5
17,78,991
-25,-50,42
43,-71,12
38,24,8
51,2,10
40,0,5
-15,-48,1
37,127,3
45,12,3
51,1,1
35,6,1
52,0,4
45,39,8
42,2,1
52,10,11
52,17,1
48,16,104
50,3,17
-26,-53,5
44,-79,8
59,18,1355
49,18,8
50,14,8
41,-74,4
30,-95,2
50,19,23
38,-122,5
37,127,2
52,21,2970
15,121,1
59,25,3
33,-80,778
46,5,3
50,9,3
3,102,5
50,8,8
-26,-49,191
60,25,17
60,27,1
40,-3,255
18,76,2
40,-88,1
18,-63,9
59,14,21
70,19,1165
50,9,94
51,6,9
50,9,15
-35,-58,4
50,6,1
39,16,7
31,-98,27
27,107,125
-8,-35,2
35,-90,641
42,2,3
51,3,3
56,11,13
51,4,8
-23,-43,3
38,-122,104
39,-121,8
52,9,35
10,77,1
40,-4,16
34,-118,3
55,-3,2
31,77,3
47,8,1
41,-4,2
47,8,19
40,-4,6400
60,26,3
34,-118,6
44,1,2
43,3,1
53,5,10
34,-85,2
59,18,17
42,-71,14
47,-123,1
54,18,1
33,-97,916
28,-82,9
35,25,40
53,7,1
47,13,1
48,12,1
-29,-50,2
18,-70,16
54,-2,5
41,-112,109
52,10,4
56,10,1
18,83,1
38,-5,1
47,-123,6
31,73,2
50,8,3
36,140,2
36,140,30
45,26,1
54,28,1
17,82,2
51,3,520
40,-75,1
52,9,2
48,18,38
41,-9,4
54,10,13
42,-1,64
49,9,1
19,-100,16
36,140,6
41,16,1
-29,-49,729
53,0,1
-6,107,1
45,6,1
30,-95,1
49,-2,4
44,-88,1
21,106,1
-27,-49,8545
42,-89,4
45,20,19
46,-1,1
49,8,1
39,-9,10
49,2,29
45,9,6
42,-84,8
40,-7,4
53,8,179
-9,-64,7
31,76,2
42,-71,17
40,-105,2
56,26,2
51,3,1
52,7,1
-9,13,43
48,10,6
41,16,1
45,5,28
11,78,1
33,-85,1
42,12,20
38,-77,6
49,-1,1
-23,-46,9
56,38,1
37,10,16
38,-9,1
-24,-46,1
38,-122,47
19,-81,38
43,-71,32
38,127,1
49,-123,1
35,-87,118
19,-98,91
-21,-45,1
23,88,1
53,-6,127975
45,-93,4
48,16,1
41,2,1
54,19,1
56,14,7
36,-94,332
49,10,1
39,-84,1
-11,-37,21
11,79,1
51,6,2
32,35,7
52,5,3
-35,-58,7
25,103,14
43,-83,17
48,12,1067
-25,-49,2
50,7,3
46,12,5
44,-79,5
52,-1,5
42,13,6
54,10,805
45,17,4
43,-90,1
25,52,209
53,-3,12
44,11,4
38,-122,1
29,80,1
47,25,12
45,7,2
34,-119,10
50,7,19
30,31,4
36,11,4
53,-2,24
43,-84,1
41,2,3
-8,-35,1
42,-88,54
51,0,37
-22,-53,1
17,78,2
30,104,24
42,-71,1
52,22,3
42,-88,14
40,-84,5
-27,-54,1
37,-6,9
53,14,2
-34,-59,5
45,9,1073
51,0,2
23,77,11
50,18,2
31,32,7
44,-79,43
43,141,6
29,-82,10
52,7,2
39,-95,16
40,-4,13
49,3,6
51,11,3
45,22,4
49,17,6
35,119,10
34,-118,50
34,-119,12
53,18,99
48,17,277
52,-1,14
47,32,45
50,4,202
54,-3,1
38,127,5
43,5,9
51,71,30
52,0,3
39,0,2
45,-76,17
31,30,164
-24,-47,1
44,8,7
46,7,1
36,127,47
45,21,7
48,-122,35
45,10,8
53,9,5
41,-74,2
41,-73,3
-5,-39,5
27,-100,10
49,2,1
65,21,1
1,104,4
51,7,2
14,-89,13
46,5,15
57,24,129
-9,-37,1
34,-118,1
45,21,9
45,20,62
25,55,3
42,45,42
44,8,1
-20,-55,1
49,35,6
60,11,2
48,18,2
48,35,7
49,7,2
36,11,1
42,-83,4
50,19,1
51,8,10
51,2,3
42,-5,3
54,12,6
40,-3,2
26,-80,1
60,31,43
33,-97,4
41,-74,10
-38,145,132
28,78,1
-41,-71,41
8,77,2
45,-123,1
39,9,2
51,6,16
54,-2,96
38,24,1
51,-1,2
50,8,1
44,26,296
18,-70,150
57,16,3
18,-78,41
27,83,1
51,6,5
51,5,9
55,-1,7
42,2,1
58,16,18
52,-1,36
47,-92,28
-23,-47,4
-1,-79,30
47,-122,71
47,7,3
44,12,5
20,-99,12
53,-3,5
16,77,1
50,11,37
39,-105,6033
49,9,2
48,18,2
44,7,5
53,36,10
41,-74,9
40,23,1
48,11,6
50,19,3
43,-88,1
46,13,3
4,9,11
48,16,275
52,5,2
60,18,25
44,24,24
44,10,16
48,10,5
58,39,4
49,17,35
46,16,4
31,30,34
44,20,1
39,-9,1
51,0,1
42,-5,13
50,9,1
52,6,4
49,3,1
9,77,1
38,-1,2
26,83,2
51,1,1
45,25,3
35,-82,1
-4,-79,1
51,7,11
5,-4,1
44,11,14
1,104,4
51,18,8
37,10,52
29,-81,224
49,10,1
36,11,12
51,7,6
42,-71,8
50,6,10
51,6,3
46,16,130
52,9,2
49,2,8
46,5,1
53,-9,2
22,114,21
38,-121,1
41,-74,1
48,-123,15
56,38,7
32,-2,6
48,2,7
-23,-47,2
35,-82,76
44,2,1
52,8,1
41,17,2
41,-3,14
-28,-49,3
21,82,3
43,7,1
55,8,1
10,76,52
38,128,1
10,-67,101
-27,29,5
39,23,2
60,16,1
39,-77,5
47,5,2
37,-4,22
38,24,5
37,10,1
41,-74,1
48,10,1
31,121,8
53,-6,2
50,8,1
48,17,199
10,76,1
48,18,4
48,12,1
3,-77,78
52,-2,14
34,135,1
41,1,6
37,10,2
-20,-44,13
44,29,9
35,118,4
45,8,1
52,6,7
46,12,1
24,118,5
36,11,1
-8,110,10
10,-65,1
27,-80,1
49,9,12
15,78,2
49,11,60
54,11,2
35,136,1
54,11,156
35,136,7
34,130,8
32,35,261
30,-87,1
42,-83,23
14,74,3
49,17,5
32,74,196
-16,35,8
31,-98,2
48,-2,1
42,-71,2
53,-2,75
51,4,3
-17,146,4
32,-86,12
52,0,1
52,21,6
60,18,11
44,125,57
50,3,2
47,9,1
51,4,3
47,0,3
-1,-79,61
22,78,2
43,-8,121
37,-4,17
43,-83,2
41,-4,4
34,-85,22
63,15,1
22,76,1
48,19,1
31,-98,222
19,-99,7
45,21,26
33,117,74
43,10,3
42,-94,3850
33,-17,2
28,121,71
40,-9,63
42,-94,1
36,139,711
53,-7,2
43,13,4
41,-74,4138
49,11,31
43,-71,14
50,16,1
-32,-61,3
48,12,2
-6,107,2
50,14,4
46,12,1
40,-74,216
47,25,1
52,-2,22
33,-117,1
49,17,8
31,104,136
-39,177,3
42,-2,3
48,16,16
42,-88,2
41,29,3
49,8,1
56,44,7
11,80,2
49,20,10
33,-117,3
17,-23,4
42,-88,3
-30,-54,1
53,7,1
38,24,1
43,-6,2
41,30,2
14,-89,3
51,8,6
2,104,1
4,-74,1
23,88,157
12,-69,34
51,4,1
49,21,1
44,21,2
51,0,5
48,12,100
44,-92,358
30,31,6
37,10,6
54,-3,2
45,11,1
54,49,11
61,26,1
-7,108,1
45,21,21
-25,-58,1
56,-3,19
-27,-49,1
29,-81,24
-22,-49,12
36,140,2
53,6,5
47,-1,9
17,78,13
39,-77,12
48,19,1
48,18,1
49,2,2
44,-80,34
48,9,4
35,10,3
50,25,2
13,80,1
54,28,16
51,30,2
22,88,1
41,-8,2
41,-88,2
-22,-42,11
49,9,1
47,15,1
36,140,3
43,-80,19
54,19,2
46,10,3
21,106,2
43,-2,7
61,24,43
-26,-49,24356
55,-2,3
47,-122,3
36,140,17
50,8,18
46,3,1
-8,-38,1
44,7,1
46,5,1
22,114,1
46,7,6
52,21,1
39,-77,16
41,2,4
51,4,171
34,-84,2
41,-81,5
41,-112,2
62,24,1
45,11,54
39,-76,1
29,77,103
50,20,829
49,2,1
-20,-44,1
45,6,27
47,-122,13
46,11,2
51,5,1
35,137,1
43,-78,1
36,-81,2
35,136,1
-24,-47,37
44,-70,1
51,9,161
47,12,7
28,77,23
53,14,1
55,13,1
44,8,29
49,11,4
44,-79,1175
50,7,1
18,76,1
42,-73,4
52,11,2
48,-1,1
39,-84,2
38,14,1
43,-116,2
18,-78,1
43,-71,3
35,136,2
50,15,3
25,122,1
49,9,27
13,80,4
19,-104,2
44,88,2
42,-83,1
14,100,6
53,7,6
49,8,44
45,17,1
36,14,3
40,-1,5
42,28,2
39,16,1
48,1,5
33,-17,13
33,52,1
17,100,1
56,10,86
24,90,10
54,8,16
50,9,2
33,-97,48
48,12,6
49,0,1
15,121,1
-38,145,271
-10,-68,3
28,-17,4
-6,-39,4
39,16,1
-6,107,312
29,-81,1
47,7,12
3,102,2
21,-103,1
29,78,2
52,21,18
52,-1,3
56,47,7
37,-122,20
56,16,5
49,12,13
60,25,19
39,-90,4
-36,148,1
28,-82,12
37,-7,1
18,-99,4
15,121,8
21,-90,7
48,14,7
42,-71,26
38,-79,24
51,-1,2
44,11,1
50,8,17
13,80,5
15,-91,90
49,2,6
45,-72,15
36,-79,1
40,-75,1
47,7,2
54,10,5
-24,-54,2
1,104,1
37,117,45
49,12,6
52,-8,3
44,-117,2
43,-8,2
51,5,1
53,-2,4
-2,-80,66
47,40,15
46,16,3
50,19,9
52,10,2
-7,107,8
29,-82,5
50,5,1
44,11,1
51,7,9
48,15,2
37,10,30
25,55,180
47,10,1
43,-86,9
-22,-55,5
50,8,1
43,28,78
50,16,1
52,7,5
-8,111,1
43,14,3
47,8,1
33,-112,76
-26,-49,8
53,1,22
49,2,1
48,9,1
54,29,1
48,26,2
58,12,1
44,5,6
39,-77,2
51,16,1
46,8,5
56,93,1
47,8,22
11,80,1
49,2,2
33,-97,13
49,2,12
10,-67,41
26,-80,2
53,7,1
25,52,3
51,31,93
35,9,1
53,6,5
37,-122,4
63,28,20
26,-80,1
52,4,1
57,24,4
59,31,23
51,7,1
38,127,4
46,14,32
-23,-43,1
10,-84,1
-20,57,1
55,-2,6
44,5,6
48,17,2
50,14,28
48,21,16
46,9,2
41,-3,4
40,-111,4
51,17,1
52,5,74819
14,-89,3
52,12,148
51,4,2
41,20,17
-34,-59,64
52,7,68
42,-73,82
50,18,42
42,-83,17
5,-76,3
-35,-59,3
37,-4,3
39,-9,42
47,-120,5228
46,-1,1
52,17,2
-22,-47,1
35,-90,27
51,3,34
48,13,8
50,9,5
53,-8,5
56,-4,6
44,7,23
10,106,2
48,0,4
52,5,1
46,12,7
-12,-77,1
42,42,82
43,-71,7
49,17,3
44,7,44
51,7,12
19,-99,1
41,-74,7
41,1,1
12,109,1
53,-7,2
50,18,7
54,9,1
41,-74,1
37,-122,135
47,23,16
48,-4,7
-30,-50,2
47,16,5
43,6,31
44,-80,6
52,7,6
52,1,1
-6,107,11
50,4,2
52,7,1
23,91,1
45,9,26
13,75,2
22,114,21
-26,-49,2
57,57,3
55,8,571
53,-8,1
36,-97,99
38,-4,5
60,10,1
10,106,56
61,7,1
14,108,26
12,76,4
14,100,5
60,25,2495
54,10,4
58,12,12
52,5,13
4,-75,110
53,18,1
14,100,2
35,-85,403
38,-122,19
40,-75,1
47,19,4
54,-1,3
11,79,17
49,9,2
52,5,5
-23,-43,3
52,7,8
48,6,33
32,35,10
37,-114,3
47,16,3
33,-97,2
3,102,2
49,2,5
49,2,1
-10,-63,5
49,17,129
48,18,1
-25,-53,4
51,7,261
49,2,47
34,-78,1
40,-75,1
50,5,1
52,-4,3
45,-123,36
51,7,1
50,7,168
49,-2,3
45,8,6
48,10,6
46,23,3
48,2,2
-29,-51,761
-23,-46,1
41,-96,187
19,-99,1
41,-74,16
48,9,8
42,-88,27194
55,56,2
28,-16,1
50,12,1495
41,2,1
3,102,3
53,45,68
22,114,1
48,1,1
48,14,1
47,9,10
42,-72,4
42,-88,2
30,-95,2
-40,177,1
-25,-52,1
-16,-48,4
51,-114,69
47,16,2
48,-122,6
52,4,1
34,-7,348
23,91,1
31,-96,8
-34,18,92
50,3,39
36,28,20
28,-82,15
52,13,4
51,12,51
56,12,6
40,-86,1
48,-2,1
54,0,37
40,-75,45
46,-74,17
42,2,1
52,-1,4
47,9,2
56,13,784
49,8,37
49,21,1
19,-99,446
64,20,5
49,9,13
49,11,7
42,23,1
54,10,1
37,102,1
47,16,1
49,2,4
27,76,75
48,12,1
4,-76,1
48,10,1
10,-84,9
49,19,6
18,73,1
-21,-43,1
26,-100,7
52,7,2
38,24,4
46,0,6
-5,-41,1
52,8,20
45,-1,1
37,-6,1
34,-84,1
30,-96,27
60,30,647
35,136,433
41,17,4
44,10,26
49,14,1
49,11,3
50,4,19
53,7,6
48,-122,89
56,38,10
49,10,2
44,7,20
-12,-77,1
49,8,60
66,22,10
49,14,6
-26,28,1
51,31,75
54,8,1
10,76,1
36,-96,107
51,5,20
1,104,22
52,31,2
40,-105,6
50,30,22
45,12,8
37,10,22
48,12,1
14,-90,7
49,7,31
32,20,1
52,4,22
-24,-46,2
5,-74,6
52,6,1
33,-117,174
45,-93,12
40,3,1
36,5,2
19,-98,2
34,-119,20
59,18,1
50,17,5
52,6,1
47,17,1
41,-74,48
53,-6,9
42,-73,19
51,7,66
49,2,6
59,25,658
49,7,35
36,140,1
50,30,4
47,7,3
38,-122,15
56,31,8
39,-9,10
45,-74,4
51,5,21
51,6,1
50,19,11
58,8,6
-16,-68,37
40,3,12
8,-76,2
47,24,258
42,-83,1
51,-2,1
3,102,6
48,7,8
51,12,3
45,8,3
14,-89,1
33,-97,3
51,4,1
49,17,2
48,6,12
48,-53,1
60,11,110
51,0,6
20,-99,10
50,19,1
-19,-49,5
52,-1,34
47,17,2
49,14,1
41,-8,3
51,-3,2
41,-5,1
21,-103,8
43,-4,3
31,77,1
54,23,1
26,82,1
44,20,18
51,0,17
38,-121,2
47,9,2
35,136,606
39,0,4
0,33,2
50,4,1
44,4,20
47,7,1
45,-69,1
41,-8,28
39,-9,2
40,-7,13
33,-97,25
47,7,5
46,10,5
22,-98,1
41,14,2
31,-86,2
28,-81,8
36,-79,3
-26,28,34
31,31,3
48,35,56
43,6,1
52,10,53
57,14,2
51,3,1
46,6,204
41,-112,3
39,-4,2
29,31,1
41,-74,14
42,-70,18
52,5,1
49,9,1
52,21,1
37,-76,4
55,10,1335
60,11,1
56,49,10
48,2,1
37,3,3
50,8,1
41,-9,1
52,4,923
27,78,1
51,3,5
38,-122,20
52,5,5
43,6,3
45,12,1
57,66,86
40,-9,1
62,26,47
51,21,3
44,2,2
-4,-40,21
41,69,1
52,8,5
52,0,1
49,8,10
52,-2,1
52,5,4
36,-88,3
45,6,6
52,4,2
50,3,1
-37,175,3
41,2,104
-9,115,1
50,9,28
55,83,1
44,26,1
45,12,1
30,-95,5
48,-117,10
50,-4,4
53,-6,4
43,-9,2
53,5,116
21,106,3
-23,-48,9
13,80,6
52,0,12
40,18,1
52,0,2
51,4,1
39,-77,5
55,25,124
35,-1,2
52,21,1
52,39,14
19,-71,1
44,-79,12
48,8,4
51,4,1
47,7,1
23,115,1
5,-76,1
40,-112,3
-23,-42,1
52,-1,3
43,-3,9
54,-2,1
50,14,2
49,8,89
52,4,4
37,10,4
1,104,1
47,1,7
-35,-56,112
48,14,321
63,26,2
44,-71,1
13,78,1
48,13,1
43,-88,7
49,2,36
-17,-49,2
51,4,73
56,12,5
39,-84,7
63,18,1
49,6,1
18,-66,9
34,109,37
25,84,1
-29,-54,3
40,-105,5
33,-97,70
50,-97,7
27,81,17
52,21,3
52,13,5
59,17,4
56,10,8
36,-115,1120
44,16,1
47,17,1
35,135,3
51,6,7
40,10,1
43,5,2
49,20,1
41,-78,10
44,7,4
-35,149,43
4,98,1
42,3,3
36,-87,3
-7,-36,2
53,5,1
10,76,5
48,-122,571
56,40,15
33,35,1
58,12,8
43,11,4
7,100,1
-23,-47,4
38,127,9
47,8,6
49,2,33
50,17,1
53,-1,4
47,5,6
33,-97,20
-22,-47,2
34,-84,10
41,16,1
54,-7,10
56,10,1
47,-122,3
51,3,3
48,16,4
38,-26,2
49,7,2
51,7,5
55,36,12
1,104,6
43,-3,3
41,-74,26
51,0,2
48,12,9
49,36,15
49,3,739
43,-81,4
29,-81,26
-16,-72,3
39,0,133
50,21,8
48,16,1
-33,-71,1
40,-112,1
34,-118,1
41,-83,2
38,-84,11
40,-105,763
45,9,2
50,31,4
37,10,10
46,5,1
43,-81,2
46,5,8
3,102,7
-33,-64,2
20,-103,3
43,-8,91
35,136,1
52,5,57
45,4,6
49,8,1
51,46,7
60,11,2
41,-82,3
51,-2,6
50,18,307
37,-6,12
42,45,39
9,-79,10
58,13,80
52,5,4
17,82,5
42,3,1
35,137,17
37,-4,26
28,-16,1
39,-6,111
29,-81,16
50,19,2
37,10,1
50,18,7
12,77,6
35,136,1
7,80,6
37,-4,14
-1,-81,1
42,-80,22
47,19,6
47,6,1
47,9,3
15,-91,16
48,16,3
49,8,146
42,-83,1
5,-74,69
48,8,1
48,12,1
6,-75,150
-35,-59,1
37,10,1
20,-99,14
47,17,7
60,10,5
48,10,2
-14,-40,10
44,21,24
51,4,1
21,73,7
51,7,18
21,106,3
14,121,1
9,-80,1
64,11,6
53,13,2
39,-91,133
-15,28,2
56,15,1
40,-105,7
36,-94,9
20,75,40
-23,-47,1
47,7,2
51,17,272
46,21,26
54,-3,1
49,3,1
56,38,296
59,6,4
52,19,1
61,24,2
41,-4,9
8,77,92
52,21,3
-27,-49,2
52,5,3
-7,-48,1
51,4,14
35,139,1
32,35,2
43,77,57
49,11,2
42,19,215
51,-1,2
32,35,32
43,-2,9
37,127,6
37,29,2
52,10,3
55,21,10
49,6,1
46,-121,43
34,-84,23
62,6,20
42,-88,3
33,-80,54
41,-73,4
-25,-54,1
51,6,1
38,22,8
49,16,12
28,-83,30
49,2,3
-29,-52,1
-30,-51,178
48,11,1
43,11,8
61,23,7
49,13,6
-1,-79,42
51,6,27
55,11,20
30,-98,2
35,-82,116
40,3,41
48,19,2
58,9,15
56,-4,10
44,26,4
49,10,1
48,8,11
42,-72,17
37,3,3
49,2,4
50,9,2
42,-90,1
45,10,1
32,-90,9
52,5,27
53,-3,1
53,17,1
39,-78,4
43,3,10
-12,-39,6
46,16,8
32,35,3
45,8,2
27,-81,3
43,-71,2
37,127,12
32,35,14
65,17,1
37,9,1
53,7,12
49,13,5
33,-97,30
-29,-50,8
43,22,16
57,14,2
64,11,35
50,14,1
43,-79,1
11,78,24
52,8,4
41,14,2
41,17,1
41,17,15
33,-97,14
54,10,979
-20,-44,68
36,140,6
39,-3,5
9,78,1
29,48,1
49,10,1
35,-90,5
48,19,16
51,6,9
52,4,4
60,11,12
45,17,5
45,5,2
45,-74,1
52,6,1
49,21,8
41,14,142
49,18,2
-23,-50,6
49,6,1
53,-2,1
32,120,2
13,80,20
18,77,2
49,5,5
36,11,8
21,-103,281
50,19,10
19,99,3
51,7,202
52,13,1
42,-85,1
36,139,3
47,21,9
34,-7,31
-20,-40,1
49,6,1
53,50,25
-21,-52,1
-6,107,76
45,-76,104
41,-96,63
-14,34,9
52,7,5
38,24,4
48,16,1
32,35,2
11,77,103
51,24,1
23,73,71
-20,-55,85
0,-78,1
49,2,1
3,102,5
44,-79,110
47,-1,1
33,-80,3
56,10,1
38,-122,29
20,-97,1
50,4,2
44,-121,125
47,15,121
-39,-67,8
44,5,45
60,5,4
33,-117,69
32,75,1
54,12,4
41,17,3
48,17,385
51,-1,2
52,20,1
56,13,1
45,20,126
48,13,22
25,121,232
42,-74,117
31,30,45
41,-74,7
50,20,6
56,37,3
37,11,1
28,79,1
60,23,1
53,10,3
42,45,1
32,35,2
51,5,2
49,6,4
49,8,5
32,-117,1
35,-79,2
61,26,7
52,20,2
51,7,2
34,-84,25
36,139,1
52,-8,1
50,7,2
51,-1,11
49,8,1
45,-93,3
44,11,67
35,-121,29
49,9,18
26,-80,182
42,2,2
3,102,31
7,-73,11
49,8,1
40,45,199
46,9,5
36,-86,12
55,8,1
45,-76,1
46,4,10
48,8,1
46,6,2
40,33,195
51,6,25
45,11,4
28,31,6
50,12,55
44,1,56
42,-4,3
19,77,2
9,-80,23
33,-97,2
53,10,83
49,18,7
19,-99,8
52,10,3985
1,104,21
39,-9,1
14,101,4687
19,-99,2
52,0,3
20,86,50
-6,107,8
48,9,2
33,-112,146
35,139,11
-28,153,2
13,78,3
49,3,4
52,0,2
51,0,9
41,-8,8
48,17,5
32,-106,4
38,-122,3
51,6,1
12,-86,3
41,-97,3
34,-79,16
34,36,1
49,2,1
60,11,3022
46,9,15
42,21,2
34,-118,30
44,11,1
50,24,5
44,13,1
50,7,1
35,-87,4
45,8,159
38,-1,7
43,4,1
38,-122,6
57,61,1
43,13,1
49,2,11
35,11,1
18,-77,2
42,-5,2
-30,-51,1
19,-99,5
41,-9,109
47,-123,3
50,14,1
60,15,1
42,-89,2
52,25,20
38,-77,1
11,76,2
33,-80,5
51,11,5
48,22,1
33,11,10
49,9,1
49,2,27
49,27,1
43,-84,16
37,140,13
38,38,3
24,120,4
51,5,23
21,39,115
13,77,7
34,-7,68
51,7,284
13,80,1568
23,76,25
50,17,18
41,2,1
61,28,64
28,-17,2
38,140,7
51,14,71
49,8,4
42,-71,8
46,18,2
47,8,2
8,-13,1
35,9,2
18,83,86
-23,-47,9
34,72,1
49,17,2
43,3,42
42,19,38
17,-93,2
51,9,1
34,-7,9
-24,-47,1
46,6,1
51,6,1
-20,58,1
52,10,2
40,-3,1
37,-122,120
7,126,6
13,79,6
33,-87,1
39,-85,32
41,14,5
42,-83,18
34,-118,3
50,3,20
46,12,10
32,119,404
45,-76,31
-7,113,9
48,9,2
51,14,1
45,-76,25
52,10,3
36,140,6
43,17,2
34,-87,1
50,8,1
50,18,2
-22,-43,16
38,-122,92
37,-6,113
54,19,1417
52,8,20
48,18,1
26,-80,3
40,-90,1
60,23,189
52,5,145
42,13,2
45,16,3
30,-98,18
-23,-47,31
36,-79,6
49,2,43
46,-111,1
25,92,4
52,4,12
52,6,1
45,-76,28
40,-87,9
34,73,2
47,19,4
45,-64,2
19,99,44
8,-73,16
34,-118,310
53,10,12
10,-84,1
19,-99,2
52,9,2
55,12,2
40,-9,9
52,5,8
41,-81,5
9,77,3
61,25,4
49,2,3
-20,-44,6
51,-1,1
23,90,3
43,-6,1
41,-3,1
-13,-56,1
38,114,207
49,90,3
47,8,1
49,14,28
56,9,30
19,74,11
41,-74,6
53,-7,38
35,-82,23
-33,-60,18
46,6,3
51,17,1
47,9,5
51,3,1
22,88,3
30,-82,2
37,-76,97
47,6,15
46,9,16
44,7,11
48,9,10
51,5,11
35,140,131
51,6,75
27,50,2
41,-74,2
-44,173,28
52,7,10
54,-6,1
42,14,211
49,2,1
39,-1,6
60,24,1
48,12,8
35,137,2
43,5,43
10,106,3
40,-3,12
52,5,1
51,3,3
-35,-55,15
19,-99,2
41,-74,1
14,121,2
30,-91,16
39,27,1
51,-1,2
50,18,3
36,-6,1
47,12,1
34,36,12
51,4,5
48,7,4
9,-80,17
47,1,2
-23,-46,22
39,-9,2
40,-8,2
33,-112,38968
39,-77,4
48,16,5
-9,-41,1
29,-82,2
53,-6,1
52,8,1
52,5,6
48,13,10
39,-84,4
35,-85,4
24,58,57
26,-80,10
42,-84,1
61,11,10
13,78,1115
15,121,1
52,5,2
19,76,9
38,0,442
48,14,2
21,79,2
48,23,5
48,8,14
49,8,2
48,18,2
52,0,4
51,12,8
41,-4,20
11,107,1
34,-78,3
50,12,1
35,46,1
43,-9,3
52,4,1
47,-2,21
50,12,46
51,7,17
46,6,2
-1,37,6
56,38,28
-22,-49,2
-20,-50,16
49,12,6
51,6,1
40,-86,15
37,-122,3
42,-88,8
12,108,1
52,21,1
37,-5,4
-23,-47,365
39,-9,2
-1,-49,47
52,10,3
46,-76,1
-41,176,7
41,17,91
42,141,3
1,104,8
49,2,1
43,5,1
37,10,25
36,140,8
59,18,1
42,25,3
55,-2,1
10,-84,1
36,14,156
33,-87,2
31,31,26
35,139,4
-28,-49,2
59,18,3
63,10,96
60,25,1
41,-105,1816
55,13,1
-8,-35,72
38,-122,7
33,35,1
19,-99,3
33,-117,19
39,-75,1
45,-122,2
21,107,13
49,8,2
50,8,2
-21,-49,15
48,8,12
38,24,1
46,10,107
23,58,1
51,5,479
49,9,8
48,14,6
47,7,28
52,6,1
59,13,65
51,3,1
52,6,6
41,-9,1
3,102,13
49,3,1
56,8,13
25,83,4
39,-77,5
46,16,1
44,18,1
41,-77,1
37,-93,8
47,16,4
45,10,1
-7,107,2
19,73,1778
-34,-59,16
41,-73,11
36,-87,1
30,31,2
10,-84,5
4,12,2
49,10,8
32,35,2
21,106,1
35,-90,2
13,80,10
15,-91,32
48,8,3
49,2,1
49,-123,29
43,-86,1
49,2,6
51,14,2
34,-84,4
34,-118,7
49,18,4
39,-77,2
52,6,1
39,-77,3
40,-78,1
51,6,29
47,8,2
42,2,28
41,17,3
40,-105,716
-23,-51,2
47,8,2
42,19,1
-41,175,6
38,24,5
44,4,15
47,15,4
-29,-52,2
45,-123,114
34,-82,1
33,-115,3
48,-122,2
50,18,1
49,9,1
50,9,227
49,10,6
43,11,1
39,-77,220
28,78,19
-21,-48,1
51,-1,41
18,83,1
46,6,7
42,-84,34
41,-96,7
51,31,2
49,2,12
11,76,8
42,-72,3
51,0,3
49,13,10
37,127,4436
46,9,2
52,-1,3
39,-3,5
32,36,24
25,121,1
42,-73,2
49,0,14
52,6,7
14,100,1
-7,107,10
52,7,4
56,49,2
52,0,19
45,6,15
56,23,3
51,3,7
51,14,26
54,10,14
40,41,2
-26,-49,26
5,-74,728
35,-80,20
-20,-48,1
-6,107,2
40,31,1
43,6,5
41,-8,11
45,12,1
25,51,19
52,5,3
46,10,5
46,1,2
52,21,5
53,14,1
36,-86,11
32,35,17
35,-82,30
37,3,1
52,7,100
46,-123,252
50,19,36
-4,-39,542
42,-9,2
52,5,31
37,-5,1
15,121,9
36,140,8
34,-118,2
26,-100,9
57,10,20
13,101,3
-23,-43,189
-22,-48,81
34,133,1
54,-113,65
38,-1,2
37,-122,25
39,-90,2
49,21,153
55,-2,1
46,9,1
38,-78,11
55,10,67
48,18,3
48,-69,3
36,-5,2
40,-8,2
58,14,1
37,-3,3
-25,-57,1
11,76,1
33,-97,2
52,5,2
42,-9,1
29,-98,2459
49,8,3
14,121,14
34,-84,1
46,21,3
37,10,5
49,9,59
51,8,6
45,20,7
41,-75,1
42,-83,1
48,14,5
50,-97,32
51,6,4
38,-5,1
48,-122,14
52,31,9
42,13,16
50,9,48
51,7,11
38,-1,29
46,-73,3
11,78,1
37,10,44
8,98,34
-27,-49,23
-32,116,15
37,-122,481
58,12,14
42,-88,92
46,11,1
49,8,117
-29,-51,2
48,14,95
49,2,11014
41,-74,17
19,76,1
59,18,51
34,-84,4
31,31,1
-24,-47,1
13,-60,16
5,-74,1
42,3,1
3,101,1
31,32,6
51,14,4
50,16,13
39,-9,9
49,3,2
54,-9,4
46,13,2
39,117,2
46,5,1
53,10,1
44,4,57
38,129,4
19,-71,2
28,-81,1
37,15,7
34,-84,52
47,10,14
52,5,1
-7,107,3
51,7,4
39,-9,1
43,6,6
-6,107,6
33,-97,2
53,6,4
39,-105,121
10,106,3
5,-74,3
49,-122,4
51,1,1
5,-76,1
52,-1,5
53,10,1
11,107,11
47,13,23
-23,-45,18
49,18,1
53,70,1
48,8,9
46,-74,2
52,1,4
46,19,11
31,35,10
53,-2,1
-55,-68,1
46,8,14
33,13,1
-39,-68,1
42,-72,1
42,-71,1
39,-95,4
33,-112,85
34,-84,2
44,11,4627
49,2,1
40,16,5
48,-53,6
33,-82,1
63,30,3
52,8,26
35,136,22
45,7,2
52,5,1
45,9,12
-19,48,7
49,3,2
-27,153,187
31,77,1
43,-83,1
58,14,11
26,51,3
49,2,14
41,-9,1
22,114,4901
13,80,1
19,-98,1
36,140,18
1,104,3
50,15,4
43,21,3
28,-82,3
60,6,1
49,3,27
40,-75,249
-2,-80,3
51,0,1
40,-112,2
51,21,1
44,-81,4
40,17,21
30,115,1
-20,-43,8
27,88,24
51,3,130
49,2,4
46,5,1
-33,-71,198
57,12,4
49,9,7
49,10,2
29,48,2
44,-79,71
19,73,1
45,-93,1
41,15,1
19,73,11
46,5,1
28,-16,6
48,9,9
25,47,143
58,26,4
35,-81,10
61,27,1
43,-83,8
57,10,2
26,-80,22
4,10,3
19,106,1
49,8,3
49,3,8
53,7,7
38,13,1
51,3,13
30,33,2
28,77,1
46,9,1
21,106,6
42,21,35
10,76,2
43,5,2
31,122,1
8,98,7
49,8,9
42,-9,19
37,119,2
49,-55,1
37,-122,60
49,9,84
40,-83,14
21,106,13
51,14,1
44,-79,1
40,-105,1282
37,10,2648
54,-9,1
45,1,1
51,1,1
52,9,55
36,104,12
47,-92,31
33,-97,28
34,-81,3
53,-2,23
-7,-39,10
19,73,2
39,-9,12
46,-63,1
41,14,1
42,2,2
52,9,4
47,7,5
51,6,4
37,15,1
40,-8,316
21,106,2
44,-79,12
37,29,1
27,89,1
44,-68,1
34,73,24
49,-123,30
28,85,3
37,-122,73
44,-79,2
35,33,7
-28,-52,70
49,-123,2
35,-107,4
46,9,6
48,14,1
48,19,2
53,-3,3
40,-105,6
45,12,17
43,-9,6
42,-74,71
45,20,1
48,8,5
42,-90,1
53,9,3
52,24,1
1,104,1
47,19,29
50,13,17
40,50,14
36,140,22
46,9,2
24,91,1
52,5,14
10,78,20
21,106,6
-35,-59,1
41,-98,27
-21,-50,3
30,-90,5
-16,-58,1
59,5,1
41,-88,8
37,15,36
-12,-77,144
43,-88,128
49,2,49
11,77,3
40,-77,1
-25,-55,1
41,28,1
49,-123,1
38,24,264
40,0,3
60,25,1
38,-122,78
29,-82,1
28,-15,51
53,0,12
47,8,15
9,-80,1
34,-118,53
16,108,33
-29,-52,41
48,11,5
37,-122,24
32,120,23
52,5,10
53,8,4
42,-71,1
25,87,2
40,-105,4
28,-82,5
50,7,1
18,104,1
52,4,11
51,7,1
15,121,1
39,0,19
39,-120,7
40,-4,1
57,11,7
51,17,1
44,10,9
53,-2,706
40,-9,33
-37,-73,18
-21,-43,11
51,-4,11
49,2,10
43,20,1
43,6,1
42,-88,14
-23,-64,1
-10,-48,7
53,7,44
48,13,6
28,-83,1
45,19,54
40,-75,1
29,-81,7
39,-2,1
53,10,4
-20,-44,1
-30,-51,2
40,-4,1
47,7,14
61,11,1
50,24,664
49,2,2
38,-122,34
53,6,9
48,8,2
56,10,7294
38,-122,563
-12,-39,5
44,12,3
48,8,3
27,-80,2
48,16,1
-9,115,4
48,12,103
53,8,2
31,-98,57
54,10,2
36,140,7
44,6,19
28,-82,5
49,14,2
37,3,2
19,-88,1
42,-89,17
42,-9,35
50,24,4
47,7,5
-1,37,67
48,12,142
35,139,1
-28,-49,7
48,10,78
28,-83,5
33,-97,3
16,80,19
3,102,1316
-16,-48,8
47,28,30
30,-98,2
27,-100,1
36,140,2
49,9,9
34,75,26
52,0,1
51,7,102
35,11,7
60,10,3
-22,-55,41
-33,-71,2
48,27,4
42,27,2
58,12,3
5,-72,7
51,4,26
-33,-69,1
52,19,38
44,11,4
45,-70,1
46,5,2
59,17,1
-28,-49,4
39,-77,1
48,16,2
10,-84,30
10,76,1
38,24,4
52,13,2
52,0,10
48,20,1
15,-92,6
51,6,5
45,-1,1
34,-84,338
47,8,15
51,9,1
52,8,28
50,9,187642
50,7,1
42,13,1
10,76,1
-24,-47,1
3,102,9
50,9,41
37,-4,22
19,102,3
5,-76,4
38,-122,7
43,-81,23
41,-74,6
48,14,3
49,-123,73
-6,107,5
34,-84,1
39,0,1
51,7,7
38,-1,1
42,13,11
48,8,23
52,-2,8
56,10,42
43,5,422
46,11,17
48,4,1
58,13,3
53,-3,1
19,73,13
52,17,159
41,-4,12
38,-86,2
52,7,4
-23,-47,1
46,9,2
8,77,1
37,3,1
69,33,4
34,3,3
41,-9,2
37,-8,6
21,106,3
49,19,48
50,22,4
61,17,213
51,12,56
48,-4,1
43,4,1
43,-72,1
48,7,1
32,-116,1
52,5,37
40,117,42
49,3,1
51,23,18
3,102,1
48,16,1
40,-4,1
52,0,7
48,10,2
39,-9,3
42,23,30
43,1,4
-35,-58,1
39,-91,1
55,-2,2
26,89,5
37,-81,13
32,35,1
34,-81,1
53,9,21
60,11,2
13,78,2
47,-119,2109
49,9,2
30,31,277
48,-3,12
55,38,3
53,23,32
33,-97,47
54,14,20
29,79,15
10,-84,6
41,-96,5484
40,-4,6
19,-100,4
13,-8,1
23,113,7
45,11,1
52,-1,1
47,9,4
54,-3,20
51,0,128
45,9,2
13,78,11
37,-6,2
51,19,1
22,114,2
37,-122,11300
-23,-49,9
47,15,2
53,7,9
-33,-61,1
47,9,2
45,-1,18
-33,-68,5
29,78,1
45,-1,44
44,-76,4
48,8,1
-12,-77,45
51,4,1
34,131,1
48,8,4
52,1,5
47,9,1
53,8,4
53,10,1
47,8,12
33,10,2
-22,-46,2
-9,13,1
53,6,7
40,-105,35
13,80,3
51,1,1
40,-4,6
58,12,307
48,12,2
40,17,16
45,10,2
52,11,2
33,-81,9
43,-9,1
34,-118,9
39,-121,47
54,10,1
26,-100,4
36,9,1
13,80,6
-35,-58,38
0,-79,144
46,14,1
29,77,16
52,5,18
42,-73,21
5,100,3
20,-97,1
52,7,2
34,-84,8
48,8,2
41,-74,2
44,13,1
47,14,5
47,-71,4
45,18,1
28,77,453
53,6,1
47,20,2
11,76,15
41,-4,2
46,-74,501
49,2,2
40,-75,5
51,3,1
48,10,1
46,13,2
39,-95,4
35,136,71
43,3,1
39,-78,1351
35,136,6
45,9,1
50,19,94
53,8,13
40,23,3
43,-71,1
44,7,1
47,8,15
18,80,4
51,6,26
33,35,2
49,-123,1
9,76,1
27,-100,20
55,-2,2
53,-6,4
27,-83,7
43,13,1
26,128,1
-6,107,1
36,-79,1
51,-1,1
56,14,1
18,103,5
50,4,106
66,14,4
56,38,36
52,4,1
53,84,10
52,6,2
45,10,15
9,-76,24
51,7,73
53,-6,1
52,5,5
37,-122,6
38,128,4
66,13,1
-6,107,7
47,8,4
51,5,10
45,20,53
59,18,2
53,-1,3
50,8,16
45,6,3
49,14,1
37,-120,1
45,34,2
38,-78,11
15,102,1
53,8,1
49,12,6
43,-71,51
52,4,1
47,8,1
47,8,124
43,-71,1
28,77,5
-35,-56,28
43,-79,9
32,35,6
49,2,11
60,25,53
29,48,5
40,-105,1511
30,77,2
46,26,14
40,-9,7
36,14,184
26,113,11
47,-96,2
52,0,1
22,85,1
-28,-49,1
50,7,2
38,24,2
7,80,4
-29,-57,1
43,-86,1
51,4,5
37,-5,1
46,14,97
-19,147,1
52,0,3
34,36,7
39,-9,1024
52,6,2
13,80,1
45,20,1
49,3,3
46,18,4
42,-71,16
42,2,10
51,51,9
19,-81,1
42,-1,1
30,77,1
-34,-59,13
48,8,1
50,10,8
10,-14,3
52,13,10
68,13,117
45,4,1
39,-77,123033
36,11,1
55,24,2
-3,105,3
53,-2,2
51,9,2
59,16,22
13,80,7
45,6,4
-7,108,2
48,21,6
44,13,1
1,104,1
51,21,2
49,2,4
45,-93,2
-34,-59,118
39,-77,5582
24,54,3
42,-72,1
46,7,2
52,1,31
49,2,1
-22,-45,3
37,10,1
44,6,2
30,-95,71
-21,-44,7
43,14,4
51,1,2
47,8,2
46,6,6
51,4,1
30,-98,17
52,7,6
32,35,2
52,19,37
26,50,27
49,17,9
34,9,19
9,77,2
36,-84,26
49,16,41
41,-8,4
58,13,12
42,-71,7
46,-94,47
46,10,2
23,114,1575
-6,107,8
36,134,1
-20,-41,1
39,16,1
14,80,5
45,-93,1
50,16,3
51,4,2
47,14,3
51,2,8
53,6,2
-34,-60,3
52,0,4
50,10,2
67,14,925
48,19,3
-34,-56,1
52,11,44
48,17,1
29,77,206
53,2,1
48,14,3
49,15,18
-19,-41,4
52,0,2
43,12,2
24,58,3
51,8,1
35,135,11
44,5,4
41,-74,6
28,-82,2
52,7,2
48,-1,5
19,73,1
19,74,544
51,9,13
-35,-59,184
46,6,473
50,9,81
48,-2,1063
43,-81,9
25,122,381
34,136,10
44,-79,14
43,28,1
44,-71,2
46,14,50
47,7,24
52,10,91
53,6,29
41,-82,6
41,14,1
50,6,169
47,12,10
34,-84,113
52,26,2
-22,-41,45
53,-8,139
43,-80,16
49,11,28
34,-118,1
56,13,3
48,10,4
47,7,229
49,2,3
48,20,20
43,-9,190
17,-97,33
51,5,1
42,19,3
45,-74,2
48,8,1
49,0,1
59,18,1
37,-122,2
40,-77,1
52,5,22
40,0,9
45,11,66
47,9,82
41,29,2
52,6,3
45,25,22
45,28,92
50,3,2
47,-71,66
51,19,11
33,-97,4
48,17,4
34,-5,6
64,-22,6
11,123,1
52,0,2
48,14,1
52,19,1
30,-90,15
55,-2,24
43,-74,20
38,113,135
46,17,1
-23,-43,9
6,-76,495
14,101,16
-23,-56,2
46,6,6096
51,4,5
47,18,2
56,12,53
52,0,3
52,5,27
50,5,4
36,10,3
-25,-58,26
-8,111,1
35,26,3
47,0,2
40,29,1
41,-74,1
-24,-47,264
53,7,1
48,16,23
39,-4,50
30,31,55
49,19,1
44,7,3
36,129,4
-41,176,1
52,0,2425
37,127,51
40,-4,10
14,121,1
30,-82,1
28,-17,1
-7,111,4
56,10,4
47,-1,6
51,16,3
49,2,1
36,140,1998
42,-83,17
23,85,1
53,7,6
38,-123,1
39,16,2
41,113,1
40,-80,7
41,-8,6
52,5,1
49,3,3
42,13,1
-27,-49,1
42,-83,21
38,27,3
46,9,35
50,73,1
50,30,5
18,-69,1
49,7,2
55,12,17
38,13,39
47,8,151
48,24,5
42,13,602
34,-87,4
56,12,20
54,18,2226
52,-1,1
34,-85,24
50,24,4280
40,-83,12
53,-6,1
48,8,81
61,10,1
47,8,4
48,12,4
50,14,693
35,114,3
53,-2,17
51,7,16
52,10,2
40,-76,7
13,80,5
13,80,66
38,16,1
50,16,12
48,14,9
48,18,18
-11,-39,1
41,2,1
52,13,45
49,18,1
42,-8,2
41,-2,21
45,20,2
43,-8,3
34,-84,2
47,7,1
50,6,1
53,5,2
44,7,18
47,40,1
-34,-71,25
52,5,1
36,36,4
47,9,2039
49,9,5
11,-74,1
46,9,1
43,24,26
49,2,2
38,-122,3
20,-99,1
41,2,1
47,-2,3
6,125,1
44,-72,1
-22,-43,12
25,121,138
47,-2,9
34,-118,5
14,-90,6
35,-118,10
3,-61,8
1,104,2
49,7,128
-28,152,7
-22,-46,2
51,14,1
-23,-47,1
54,11,147
12,122,18
20,106,14
44,5,1
22,114,446
52,0,6
51,12,11
53,7,2
19,74,3
11,107,1
52,0,50
39,-9,14
48,8,133
52,7,5
51,7,6
38,-82,1
-35,-55,1
59,18,2
48,-122,6
60,23,1
-37,175,94
50,10,1
61,22,1
51,-3,60
29,-81,27
49,2,2
11,-62,6
38,24,8
43,-83,4
44,-8,19
51,4,1
13,-8,3
48,8,1
49,11,12
-37,-59,39
43,-88,17
48,16,3
52,5,2
40,-88,1
48,8,2
49,12,2
39,-9,17
43,-6,10
52,8,36
44,18,1
38,-121,2
10,77,9
-20,-44,299
51,0,5
53,9,1
22,73,30
-27,-49,331
51,7,43
36,140,1
40,-83,9
36,-81,3
-2,-80,6
51,7,11
48,19,2
36,140,3
52,-1,1
34,-118,1
-2,-80,2
52,8,151
46,6,4
51,7,5
32,74,10
45,8,2
43,2,1
36,-94,61
55,-1,1
41,-6,2
-30,31,2
61,22,2
44,-79,2
53,13,145
13,101,6
50,31,1384
28,78,3
51,4,13
34,-84,27
35,-85,10
49,16,3
47,7,2
52,5,6
42,19,15
53,7,8
49,-123,236
45,6,10
34,-118,1
34,-97,2
40,-83,1
49,7,2
21,79,2
44,5,1
36,127,3
41,23,2
27,85,18
53,5,19
60,22,34
39,-1,1
56,13,58
52,7,4
52,21,2
41,-112,5
38,-1,1
39,-85,4
51,4,23
34,-118,71
46,9,1
46,9,2
50,10,2
36,24,1
-19,-48,11
26,44,2
39,-7,33
20,-99,10
47,-2,1
45,5,1
-34,-61,1
35,11,2
29,-82,22
48,14,1
41,-112,30
48,9,1
30,120,117
21,106,71
-7,111,1
49,2,22
56,13,2
45,7,62
47,7,20
13,-61,1
40,-76,5
48,14,13
46,0,1
-11,-38,1
39,-95,65
52,9,6
60,25,46
23,120,28
35,-79,1
48,8,9
56,38,4
51,5,31
43,23,317
39,-6,1
49,0,23
31,121,24
46,9,16
35,140,4
45,-76,14
49,3,1
-35,-71,1
-7,107,4
41,-74,2
49,17,2
51,6,6
54,-2,4
47,19,242
48,2,9
42,-9,2
42,-88,57331
-33,-72,2
49,2,5
35,11,1
57,9,15
28,-81,8
26,80,4
40,-105,1
49,13,1
49,3,1
48,16,234
50,30,8
11,76,2
40,3,30
60,12,1
43,-72,2
46,-74,1
49,2,1
14,101,4
39,-77,9
50,7,1
38,16,5
42,-71,228
41,2,4
47,8,41
22,114,7
43,-2,1
51,4,1
51,7,1
14,79,2
51,6,1
7,126,4
10,-84,5
55,12,2
43,-85,2
51,0,1
13,77,14
49,11,2
42,-71,11
48,17,6
29,-81,1
-34,-59,2
38,-77,1
26,-80,5
39,-78,3
38,-5,1
59,18,1
-14,-47,1
52,20,7
52,5,7849
36,-115,7
46,11,3
37,37,9
44,-80,6
60,30,1
49,6,2
42,-83,1
47,7,22
50,9,1
-34,151,3
48,14,1
32,35,8
48,12,14
36,-79,1
-30,-54,1
43,44,1
53,13,19486
43,-74,59
52,0,13
-34,-59,422
44,-6,13
47,14,1
25,94,2
36,-88,2
49,11,1
50,12,32
39,-77,2
53,5,4
43,-3,27
52,0,23
56,38,4
52,-10,2
-23,-43,11
9,78,1
50,9,4
46,7,2
22,79,2
49,-123,1
29,48,19
47,16,5
25,76,1
30,121,74
51,-1,5
-20,-40,1
9,79,1
49,2,18
41,-74,2
6,-75,1
-6,-77,3
14,101,5
-31,-64,262
44,22,26
54,10,25
43,-3,1
53,14,1
45,12,62
46,16,2
51,1,37
49,9,11
-19,-41,22
32,35,1
51,26,271
40,-112,21
54,-6,2
50,9,1
48,10,7
50,15,14
52,5,3
52,6,1
28,-81,6
21,-100,187
33,44,1
1,104,13
20,-99,18
54,-3,50
49,2,4
23,85,1
53,8,1
52,0,1
42,3,1
53,15,3
47,-122,6
48,9,1
36,11,32
49,3,2
24,57,2
-26,-53,3
51,31,265
49,8,2
60,27,15
47,7,128
49,2,4
47,10,1
51,4,972
38,-77,94
-8,110,1
48,18,1
-35,-58,4
43,-8,1
14,100,2
50,26,1
40,-4,43
-7,108,102
17,-97,1
49,11,1
34,-84,26
49,10,1
44,-89,3
47,7,1
52,7,158
18,-66,25
43,-9,10
17,82,1
15,75,2
21,-102,1
38,-122,12
40,-75,4
52,4,2
-23,-46,128
52,4,1
48,17,3
40,-75,1
50,9,17
56,-3,1
48,-122,6
-23,-42,16
33,-97,27
50,15,31
51,-120,2
49,9,2
26,73,15
48,-122,34
-20,-40,2
-23,-47,11
59,6,1
-28,-49,5
47,16,6
43,-72,6
33,-97,2
42,14,21
35,-87,34
38,-77,153
44,1,3
52,4,4
50,17,3
-21,-47,1
26,-100,6
30,31,1
52,7,2
51,-1,8
39,-9,11
41,-85,3
54,87,7
39,-97,1
49,10,1
52,-1,10
50,8,2
49,12,9
30,77,1
46,4,1
-27,-65,5
11,107,6
6,1,34
48,18,2
60,11,1
30,-90,6
47,9,1
49,2,8
34,72,4
-20,-45,1
51,21,2
33,-97,3
38,24,1
39,-77,1
34,-119,27
43,12,9
42,-71,7
48,107,20
24,91,3
49,2,1
52,21,2
49,14,1
51,19,1
44,40,30
-13,-38,51
18,-93,3
23,86,1
0,33,265
-27,-49,140
45,9,14
44,7,6
11,77,1
51,7,1
52,6,1
45,6,1
40,-74,12
13,80,1
52,16,1
55,-2,2
56,-4,3
31,121,1
52,9,3
35,-81,38
24,121,165
37,10,2
43,12,4
46,12,1
34,73,23
-24,-47,2
41,-74,2
-33,-71,3
49,2,2
50,9,5
41,16,3
19,-104,1
39,-95,2
48,15,96
10,124,47
41,-9,106
39,-9,2
28,-82,5
42,-88,247
52,21,26
41,2,533
40,-120,2
36,140,80
40,33,1
38,-1,8
45,14,1
41,17,9
-21,-48,341
55,12,11
-21,-41,1
46,4,2
41,-81,2
48,16,3
41,-8,1
38,-1,3
31,30,2
52,-2,2
54,19,4
34,-84,1
30,-98,51
34,-119,32
15,78,3
56,13,22
60,11,1
37,10,7
37,-76,192
50,3,1
20,-99,4
-27,-50,19
47,9,56
49,12,53
44,4,2
33,-97,5
41,-74,1
50,20,40
37,-122,133
47,8,4
44,4,7
45,11,4
19,74,38
-23,-47,1
28,73,4
49,8,2
38,24,43
-26,-55,4
-35,-59,32
49,2,1
10,-83,3
-13,-74,1
39,-122,6
50,73,33
34,-7,42
46,13,1
40,-76,3
46,15,363
47,8,1
43,27,8
10,-84,8
41,2,8
42,-71,1
37,50,1
52,5,33
11,107,3
49,8,1082
47,7,1
34,-8,36413
43,-89,14
43,-78,4
29,-81,1
37,22,2
42,-74,2
